nombre|stock|precio|marca|link|hora|fecha
Turrón de Maní DIA con Cacao 100 Gr.|49|13.80|DIA|https://diaonline.supermercadosdia.com.ar/turron-de-mani-dia-con-cacao-100-gr-76557/p|01:25:07|2022-03-20
Pasas de Uva Delicious con Chocolate 80 Gr.|10|39.80|DIA|https://diaonline.supermercadosdia.com.ar/pasas-de-uva-delicious-con-chocolate-80-gr-277369/p|01:25:07|2022-03-20
Arándanos Bañados en Chocolate DIA Delicious 80 Gr.|8|39.80|DIA|https://diaonline.supermercadosdia.com.ar/arandanos-banados-en-chocolate-dia-delicious-80-gr-259667/p|01:25:07|2022-03-20
Pasas de Uva DIA con Chocolate 100 Gr.|289|27|DIA|https://diaonline.supermercadosdia.com.ar/pasas-de-uva-dia-con-chocolate-100-gr-64167/p|01:25:07|2022-03-20
Naranjas DIA Delicious con Cobertura de Chocolate 80 Gr.|13|39.80|DIA|https://diaonline.supermercadosdia.com.ar/naranjas-dia-delicious-con-cobertura-de-chocolate-80-gr-259666/p|01:25:07|2022-03-20
Confites Vizzio Maní Crocante 33 Gr.|405|39|VIZZIO|https://diaonline.supermercadosdia.com.ar/confites-vizzio-mani-crocante-33-gr-227443/p|01:25:07|2022-03-20
Chocolate con Almendras Vizzio 33 Gr.|67|39|VIZZIO|https://diaonline.supermercadosdia.com.ar/chocolate-con-almendras-vizzio-33-gr-243203/p|01:25:07|2022-03-20
Cereal Vizzio bañado en Chocolate 25 Gr.|44|39|VIZZIO|https://diaonline.supermercadosdia.com.ar/cereal-vizzio-banado-en-chocolate-25-gr-243204/p|01:25:07|2022-03-20
Scnones 9 de Oro 180 Gr.|64|36.40|9 DE ORO|https://diaonline.supermercadosdia.com.ar/scnones-9-de-oro-180-gr-273728/p|01:25:07|2022-03-20
Galletitas Pepas Terepin Membrillo 35 Gr.|195|12.50|TEREPIN|https://diaonline.supermercadosdia.com.ar/galletitas-pepas-terepin-membrillo-35-gr-164353/p|01:25:07|2022-03-20
Palmeras de Hojaldre Mafalda 150 Gr.|26|45.95|MAFALDA|https://diaonline.supermercadosdia.com.ar/palmeras-de-hojaldre-mafalda-150-gr-282593/p|01:25:07|2022-03-20
Tostadas de Arroz Molinos Ala Clásicas 120 Gr.|90|69|MOLINOS ALA|https://diaonline.supermercadosdia.com.ar/tostadas-de-arroz-molinos-ala-clasicas-120-gr-273324/p|01:25:07|2022-03-20
Bizcochos 9 de Oro Agridulces 215 Gr.|1247|65|9 DE ORO|https://diaonline.supermercadosdia.com.ar/bizcochos-9-de-oro-agridulces-215-gr-276968/p|01:25:07|2022-03-20
Galletitas Macucas 110 Gr.|3501|49|MACUCAS|https://diaonline.supermercadosdia.com.ar/galletitas-macucas-110-gr-272217/p|01:25:07|2022-03-20
Alfajor de Arroz Chocoarroz Limón 6 Un. 132 Gr.|38|299|CHOCOARROZ|https://diaonline.supermercadosdia.com.ar/alfajor-de-arroz-chocoarroz-limon-6-un-132-gr-283351/p|01:25:07|2022-03-20
Alfajor de Arroz Chocoarroz Dulce de Leche 6 Un. 132 Gr.|50|299.00|CHOCOARROZ|https://diaonline.supermercadosdia.com.ar/alfajor-de-arroz-chocoarroz-dulce-de-leche-6-un-132-gr-283350/p|01:25:07|2022-03-20
Oblea DIA Chocolate 100 Gr.|672|39.00|DIA|https://diaonline.supermercadosdia.com.ar/oblea-dia-chocolate-100-gr-60446/p|01:25:07|2022-03-20
Obleas DIA Limón 100 Gr.|150|39.00|DIA|https://diaonline.supermercadosdia.com.ar/obleas-dia-limon-100-gr-60445/p|01:25:07|2022-03-20
Oblea DIA Frutilla 100 Gr.|218|39.00|DIA|https://diaonline.supermercadosdia.com.ar/oblea-dia-frutilla-100-gr-55566/p|01:25:07|2022-03-20
Obleas DIA Vainilla 100 Gr.|244|39.00|DIA|https://diaonline.supermercadosdia.com.ar/obleas-dia-vainilla-100-gr-55567/p|01:25:07|2022-03-20
Galletitas Pepitos 119 Gr.|319|99.00|PEPITOS|https://diaonline.supermercadosdia.com.ar/galletitas-pepitos-119-gr-271628/p|01:25:07|2022-03-20
Galletitas DIA Pepas de Membrillo 800 Gr.|893|155.00|DIA|https://diaonline.supermercadosdia.com.ar/galletitas-dia-pepas-de-membrillo-800-gr-269148/p|01:25:07|2022-03-20
Galletitas Oreo 118 Gr.|189|109.00|OREO|https://diaonline.supermercadosdia.com.ar/galletitas-oreo-118-gr-271629/p|01:25:07|2022-03-20
Galletitas Bauducco Chocolate 40 Gr.|19|39.00|BAUDUCCO|https://diaonline.supermercadosdia.com.ar/galletitas-bauducco-chocolate-40-gr-236361/p|01:25:07|2022-03-20
Donuts Bonafide Chocolate Blanco 78 Gr.|72|125.00|DONUTS|https://diaonline.supermercadosdia.com.ar/donuts-bonafide-chocolate-blanco-78-gr-24917/p|01:25:07|2022-03-20
Galletitas DIA Avena y Chips de Chocolate 200 Gr.|244|79.00|DIA|https://diaonline.supermercadosdia.com.ar/galletitas-dia-avena-y-chips-de-chocolate-200-gr-197537/p|01:25:07|2022-03-20
Galletitas Pepitos Tripack 357 Gr.|74|300.00|PEPITOS|https://diaonline.supermercadosdia.com.ar/galletitas-pepitos-tripack-357-gr-271632/p|01:25:07|2022-03-20
Galletitas Oreo 354 Gr.|60|316.16|OREO|https://diaonline.supermercadosdia.com.ar/galletitas-oreo-354-gr-271630/p|01:25:07|2022-03-20
Galltetitas Terrabusi Variedad 410 Gr.|587|211.47|TERRABUSI|https://diaonline.supermercadosdia.com.ar/galltetitas-terrabusi-variedad-410-gr-273288/p|01:25:07|2022-03-20
Turrón Arcor con Maní 25 Gr.|17529|35.00|ARCOR|https://diaonline.supermercadosdia.com.ar/turron-arcor-con-mani-25-gr-17929/p|01:25:07|2022-03-20
Galletita Terrabusi con Chips 144 Gr.|505|110.85|TERRABUSI|https://diaonline.supermercadosdia.com.ar/galletita-terrabusi-con-chips-144-gr-276517/p|01:25:07|2022-03-20
Galletita Chocodias de Chocolate 230 Gr.|595|104.00|DIA|https://diaonline.supermercadosdia.com.ar/galletita-chocodias-de-chocolate-230-gr-240133/p|01:25:07|2022-03-20
Bizcocho Don Satur Dulce 200 Gr.|77|64.00|DON SATUR|https://diaonline.supermercadosdia.com.ar/bizcocho-don-satur-dulce-200-gr-216576/p|01:25:07|2022-03-20
Alfajor Triple Shot Chocolate 60 Gr.|229|92.00|SHOT|https://diaonline.supermercadosdia.com.ar/alfajor-triple-shot-chocolate-60-gr-23431/p|01:25:07|2022-03-20
Galletita Terrabusi Scons 160 Gr.|1284|110.85|TERRABUSI|https://diaonline.supermercadosdia.com.ar/galletita-terrabusi-scons-160-gr-276518/p|01:25:07|2022-03-20
Alfajor Tita 19 Gr.|618|55.00|TITA|https://diaonline.supermercadosdia.com.ar/alfajor-tita-19-gr-274902/p|01:25:07|2022-03-20
Alfajor Triple Oreo 56 Gr.|33|102.00|OREO|https://diaonline.supermercadosdia.com.ar/alfajor-triple-oreo-56-gr-274632/p|01:25:07|2022-03-20
Galletitas Bagley Surtidas 390 Gr.|37|220.96|BAGLEY|https://diaonline.supermercadosdia.com.ar/galletitas-bagley-surtidas-390-gr-271962/p|01:25:07|2022-03-20
Chicles Beldent Menta 10 Gr.|98|60.00|BELDENT|https://diaonline.supermercadosdia.com.ar/chicles-beldent-menta-10-gr-269580/p|01:25:07|2022-03-20
Pastillas de colores La Yapa 17 Gr.|161|25.08|LA YAPA|https://diaonline.supermercadosdia.com.ar/pastillas-de-colores-la-yapa-17-gr-258016/p|01:25:07|2022-03-20
Galletitas DIA con Chips de Chocolate 90 Gr.|364|63.00|DIA|https://diaonline.supermercadosdia.com.ar/galletitas-dia-con-chips-de-chocolate-90-gr-222398/p|01:25:07|2022-03-20
Chocolate Shot con Leche y Maní 35 Gr.|211|92.00|SHOT|https://diaonline.supermercadosdia.com.ar/chocolate-shot-con-leche-y-mani-35-gr-110388/p|01:25:07|2022-03-20
Galletitas Pepas DIA 500 Gr.|1268|156.00|DIA|https://diaonline.supermercadosdia.com.ar/galletitas-pepas-dia-500-gr-99483/p|01:25:07|2022-03-20
Galletitas Azucaradas DIA 250 Gr.|535|64.50|DIA|https://diaonline.supermercadosdia.com.ar/galletitas-azucaradas-dia-250-gr-55536/p|01:25:07|2022-03-20
Galletitas Pepas DIA 250 Gr.|1001|82.00|DIA|https://diaonline.supermercadosdia.com.ar/galletitas-pepas-dia-250-gr-55534/p|01:25:07|2022-03-20
Galletitas Rumba Original 112 Gr.|131|56.02|RUMBA|https://diaonline.supermercadosdia.com.ar/galletitas-rumba-original-112-gr-55062/p|01:25:07|2022-03-20
Galletitas Chocolinas Chocolate 250 Gr.|59|118.87|CHOCOLINAS|https://diaonline.supermercadosdia.com.ar/galletitas-chocolinas-chocolate-250-gr-47932/p|01:25:07|2022-03-20
Pastillas de Goma Mogul Rollo 35 Gr.|222|45.00|MOGUL|https://diaonline.supermercadosdia.com.ar/pastillas-de-goma-mogul-rollo-35-gr-25058/p|01:25:07|2022-03-20
Alfajor Pepitos 57 Gr.|84|99.00|PEPITOS|https://diaonline.supermercadosdia.com.ar/alfajor-pepitos-57-gr-23430/p|01:25:07|2022-03-20
Alfajor Triple Terrabusi Torta de Chocolate 70 Gr.|70|60.15|TERRABUSI|https://diaonline.supermercadosdia.com.ar/alfajor-triple-terrabusi-torta-de-chocolate-70-gr-23426/p|01:25:07|2022-03-20
Alfajor Milka Triple Mousse 150 Gr.|146|99.00|MILKA|https://diaonline.supermercadosdia.com.ar/alfajor-milka-triple-mousse-150-gr-21721/p|01:25:07|2022-03-20
Obleas Opera Original 220 Gr.|82|124.41|OPERA|https://diaonline.supermercadosdia.com.ar/obleas-opera-original-220-gr-14927/p|01:25:07|2022-03-20
Barra de Cereal Flow Manzana 21 Gr.|35|59.99|FLOW CEREAL|https://diaonline.supermercadosdia.com.ar/barra-de-cereal-flow-manzana-21-gr-278527/p|01:25:07|2022-03-20
Barra de Cereal Flow Yoghurt 27 Gr.|33|59.99|FLOW CEREAL|https://diaonline.supermercadosdia.com.ar/barra-de-cereal-flow-yoghurt-27-gr-278526/p|01:25:07|2022-03-20
Tostaditas de Arroz Molinos Ala Integral 150 Gr.|47|158.20|MOLINOS ALA|https://diaonline.supermercadosdia.com.ar/tostaditas-de-arroz-molinos-ala-integral-150-gr-278525/p|01:25:07|2022-03-20
Galletitas 9 de Oro con Chips de Chocolate Blanco 120 Gr.|127|87.49|9 DE ORO|https://diaonline.supermercadosdia.com.ar/galletitas-9-de-oro-con-chips-de-chocolate-blanco-120-gr-273706/p|01:25:07|2022-03-20
Galletitas Porteñitas 139 Gr.|35|92.88|PORTEÑITAS|https://diaonline.supermercadosdia.com.ar/galletitas-portenitas-139-gr-272286/p|01:25:07|2022-03-20
Galletitas Maná rellenas con Limón 152 Gr.|97|106.21|MANA|https://diaonline.supermercadosdia.com.ar/galletitas-mana-rellenas-con-limon-152-gr-272214/p|01:25:07|2022-03-20
Galletitas Sonrisas Frambuesa 3 Un. 324 Gr.|18|240.50|SONRISAS|https://diaonline.supermercadosdia.com.ar/galletitas-sonrisas-frambuesa-3-un-324-gr-272210/p|01:25:07|2022-03-20
Galletitas Surtidas Arcor Diversión 390 Gr.|207|195.33|ARCOR|https://diaonline.supermercadosdia.com.ar/galletitas-surtidas-arcor-diversion-390-gr-272206/p|01:25:07|2022-03-20
Chicles Beldent Frutilla 10 Gr.|137|60.00|BELDENT|https://diaonline.supermercadosdia.com.ar/chicles-beldent-frutilla-10-gr-271838/p|01:25:07|2022-03-20
Galletitas Okebon Molino Natural 10 Semillas 231 Gr.|28|129.19|OKEBON|https://diaonline.supermercadosdia.com.ar/galletitas-okebon-molino-natural-10-semillas-231-gr-263979/p|01:25:07|2022-03-20
Chocolate Milka Oreo Blanco 20 Gr.|100|47.99|MILKA|https://diaonline.supermercadosdia.com.ar/chocolate-milka-oreo-blanco-20-gr-252368/p|01:25:07|2022-03-20
Chocolate Milka con Leche 20 Gr.|158|57.95|MILKA|https://diaonline.supermercadosdia.com.ar/chocolate-milka-con-leche-20-gr-252365/p|01:25:07|2022-03-20
Galletitas Dulces DIA Vainilla con Frutos del Bosque 140 Gr.|48|106.50|DIA|https://diaonline.supermercadosdia.com.ar/galletitas-dulces-dia-vainilla-con-frutos-del-bosque-140-gr-250196/p|01:25:07|2022-03-20
Caramelos Halls Cherry 25 Gr.|60|60.00|HALLS|https://diaonline.supermercadosdia.com.ar/caramelos-halls-cherry-25-gr-239310/p|01:25:07|2022-03-20
Galletitas Avena Dia con Pasas de Uva 100 Gr.|191|53.00|DIA|https://diaonline.supermercadosdia.com.ar/galletitas-avena-dia-con-pasas-de-uva-100-gr-222400/p|01:25:07|2022-03-20
Galletitas DIA Avena con Chips de Chocolate 100 Gr.|100|53.00|DIA|https://diaonline.supermercadosdia.com.ar/galletitas-dia-avena-con-chips-de-chocolate-100-gr-222399/p|01:25:07|2022-03-20
Alfajor DIA Chocolate 55 Gr.|912|49.00|DIA|https://diaonline.supermercadosdia.com.ar/alfajor-dia-chocolate-55-gr-221651/p|01:25:07|2022-03-20
Galletitas Mini Oreo Clásicas 50 Gr.|75|53.91|OREO|https://diaonline.supermercadosdia.com.ar/galletitas-mini-oreo-clasicas-50-gr-175320/p|01:25:07|2022-03-20
Galletitas DIA con Chips de Chocolate 185 Gr.|111|99.99|DIA|https://diaonline.supermercadosdia.com.ar/galletitas-dia-con-chips-de-chocolate-185-gr-161521/p|01:25:07|2022-03-20
Oblea de Chocolate Kit Kat Extra milk y cocoa 45 Gr.|224|155.00|KIT KAT|https://diaonline.supermercadosdia.com.ar/oblea-de-chocolate-kit-kat-extra-milk-y-cocoa-45-gr-148828/p|01:25:07|2022-03-20
Galletas de Arroz DIA con Sal 100 Gr.|59|74.80|DIA|https://diaonline.supermercadosdia.com.ar/galletas-de-arroz-dia-con-sal-100-gr-103357/p|01:25:07|2022-03-20
Caramelo Masticable Sabor Tutti Frutti Lenguetazo 13 Gr.|146|27.50|LENGUETAZO|https://diaonline.supermercadosdia.com.ar/caramelo-masticable-sabor-tutti-frutti-lenguetazo-13-gr-103342/p|01:25:07|2022-03-20
Galletitas Rumba Original 3 Ud.|68|200.21|RUMBA|https://diaonline.supermercadosdia.com.ar/galletitas-rumba-original-3-ud-89061/p|01:25:07|2022-03-20
Chocolate para Taza DIA 100 Gr.|237|149.00|DIA|https://diaonline.supermercadosdia.com.ar/chocolate-para-taza-dia-100-gr-60287/p|01:25:07|2022-03-20
Galletitas Holjadrada 150 Gr.|40|104.28|DIA|https://diaonline.supermercadosdia.com.ar/galletitas-holjadrada-150-gr-55537/p|01:25:07|2022-03-20
Vainillas DIA 160 Gr.|382|71.50|DIA|https://diaonline.supermercadosdia.com.ar/vainillas-dia-160-gr-30469/p|01:25:07|2022-03-20
Vainillas DIA 480 Gr.|61|254.00|DIA|https://diaonline.supermercadosdia.com.ar/vainillas-dia-480-gr-29771/p|01:25:07|2022-03-20
Bizochos de Grasa DIA 200 Gr.|512|70.90|DIA|https://diaonline.supermercadosdia.com.ar/bizochos-de-grasa-dia-200-gr-29194/p|01:25:07|2022-03-20
Bizcochos Azucarados DIA 200 Gr.|585|70.90|DIA|https://diaonline.supermercadosdia.com.ar/bizcochos-azucarados-dia-200-gr-29193/p|01:25:07|2022-03-20
Bombón Relleno Bon o Bon Original 15 Gr.|4930|30.00|BON O BON|https://diaonline.supermercadosdia.com.ar/bombon-relleno-bon-o-bon-original-15-gr-17930/p|01:25:07|2022-03-20
Galletitas Maná Vainilla 393 Gr.|9|156.30|MANA|https://diaonline.supermercadosdia.com.ar/galletitas-mana-vainilla-393-gr-12760/p|01:25:07|2022-03-20
Pastillas Rueditas Billiken 30 Gr.|95|30.00|BILLIKEN|https://diaonline.supermercadosdia.com.ar/pastillas-rueditas-billiken-30-gr-282642/p|01:25:07|2022-03-20
Chocolatin Georgalos con Leche 8 Gr.|169|23.00|GEORGALOS|https://diaonline.supermercadosdia.com.ar/chocolatin-georgalos-con-leche-8-gr-282558/p|01:25:07|2022-03-20
Alfajor de Arroz Vauquita Mousse Blanco con Dulce de Leche 28 Gr.|63|70.99|VAUQUITA|https://diaonline.supermercadosdia.com.ar/alfajor-de-arroz-vauquita-mousse-blanco-con-dulce-de-leche-28-gr-279448/p|01:25:07|2022-03-20
Alfajor de Arroz Vauquita Mousse de Marroc 28 Gr.|98|70.99|VAUQUITA|https://diaonline.supermercadosdia.com.ar/alfajor-de-arroz-vauquita-mousse-de-marroc-28-gr-279447/p|01:25:07|2022-03-20
Galletitas Pepas Light Dr. Cormillot 270 Gr.|41|109.00|DR. A CORMILLOT|https://diaonline.supermercadosdia.com.ar/galletitas-pepas-light-dr-cormillot-270-gr-279286/p|01:25:07|2022-03-20
Barras de Cereal Light Cereal Mix Yoghurt y Frutilla 4 Un. 104 Gr.|64|369.49|CEREAL MIX|https://diaonline.supermercadosdia.com.ar/barras-de-cereal-light-cereal-mix-yoghurt-y-frutilla-4-un-104-gr-279086/p|01:25:07|2022-03-20
Galletitas Chocolinas 100 Gr.|95|63.60|CHOCOLINAS|https://diaonline.supermercadosdia.com.ar/galletitas-chocolinas-100-gr-278960/p|01:25:07|2022-03-20
Oblea Milka Chocopause 45 Gr.|274|105.65|MILKA|https://diaonline.supermercadosdia.com.ar/oblea-milka-chocopause-45-gr-278032/p|01:25:07|2022-03-20
Galletitas Mini Pitusas Chocolate 300 Gr.|24|205.00|PARNOR|https://diaonline.supermercadosdia.com.ar/galletitas-mini-pitusas-chocolate-300-gr-275686/p|01:25:07|2022-03-20
Galletitas Terrabusi Variedad Chocolate 310 Gr.|44|204.00|TERRABUSI|https://diaonline.supermercadosdia.com.ar/galletitas-terrabusi-variedad-chocolate-310-gr-274330/p|01:25:07|2022-03-20
Galltetitas Terrabusi Variedad 610 Gr.|26|329.00|TERRABUSI|https://diaonline.supermercadosdia.com.ar/galltetitas-terrabusi-variedad-610-gr-273289/p|01:25:07|2022-03-20
Galletitas Vocación Clásicas 141 Gr.|23|61.96|VOCACION|https://diaonline.supermercadosdia.com.ar/galletitas-vocacion-clasicas-141-gr-273247/p|01:25:07|2022-03-20
Gomitas Mogul Conitos 220 Gr.|22|249.00|MOGUL|https://diaonline.supermercadosdia.com.ar/gomitas-mogul-conitos-220-gr-272801/p|01:25:07|2022-03-20
Galletitas Vainillas DIA 444 Gr.|26|254.00|DIA|https://diaonline.supermercadosdia.com.ar/galletitas-vainillas-dia-444-gr-272349/p|01:25:07|2022-03-20
Pepas 9 de oro Membrillo 200 Gr.|36|81.08|9 DE ORO|https://diaonline.supermercadosdia.com.ar/pepas-9-de-oro-membrillo-200-gr-264083/p|01:25:07|2022-03-20
Galletitas Panal Okebon Chocolate 242 Gr.|24|110.29|OKEBON|https://diaonline.supermercadosdia.com.ar/galletitas-panal-okebon-chocolate-242-gr-263980/p|01:25:07|2022-03-20
Galletita Okebon Panal vainilla 242 Gr.|40|110.29|OKEBON|https://diaonline.supermercadosdia.com.ar/galletita-okebon-panal-vainilla-242-gr-263977/p|01:25:07|2022-03-20
Chocolate para Taza Bonafide 100 Gr.|87|221.00|BONAFIDE|https://diaonline.supermercadosdia.com.ar/chocolate-para-taza-bonafide-100-gr-259693/p|01:25:07|2022-03-20
Galletitas DIA Chocolate y Vainilla 160 Gr|36|86.40|DIA|https://diaonline.supermercadosdia.com.ar/galletitas-dia-chocolate-y-vainilla-160-gr-257006/p|01:25:07|2022-03-20
Oblea Bauducco Chocolate 30 Gr.|20|29.00|BAUDUCCO|https://diaonline.supermercadosdia.com.ar/oblea-bauducco-chocolate-30-gr-251522/p|01:25:07|2022-03-20
Galletitas Lunitas DIA Bañadas 200 Gr.|29|81.60|DIA|https://diaonline.supermercadosdia.com.ar/galletitas-lunitas-dia-banadas-200-gr-249261/p|01:25:07|2022-03-20
Galletitas Okebon Clásicas con Leche|64|72.85|OKEBON|https://diaonline.supermercadosdia.com.ar/galletitas-okebon-clasicas-con-leche-245213/p|01:25:07|2022-03-20
Alfajor DIA Glaseado 40 Gr.|70|43.00|DIA|https://diaonline.supermercadosdia.com.ar/alfajor-dia-glaseado-40-gr-228199/p|01:25:07|2022-03-20
Galletas de arroz DIA Dulces 100 Gr.|31|74.80|DIA|https://diaonline.supermercadosdia.com.ar/galletas-de-arroz-dia-dulces-100-gr-224554/p|01:25:07|2022-03-20
Alfajor DIA Mousse|117|49.00|DIA|https://diaonline.supermercadosdia.com.ar/alfajor-dia-mousse-223578/p|01:25:07|2022-03-20
Galletitas Pepas DIA Frutos del Bosque 500 Gr.|34|167.00|DIA|https://diaonline.supermercadosdia.com.ar/galletitas-pepas-dia-frutos-del-bosque-500-gr-197818/p|01:25:07|2022-03-20
Galletitas Pepas DIA Batata 500 Gr|58|159.00|DIA|https://diaonline.supermercadosdia.com.ar/galletitas-pepas-dia-batata-500-gr-183018/p|01:25:07|2022-03-20
Alfajor Milka Oreo con Dulce de Leche 61 Gr.|150|95.70|MILKA|https://diaonline.supermercadosdia.com.ar/alfajor-milka-oreo-con-dulce-de-leche-61-gr-182539/p|01:25:07|2022-03-20
Chocolate DIA Relleno con Dulce de Leche 80 Gr.|48|106.00|DIA|https://diaonline.supermercadosdia.com.ar/chocolate-dia-relleno-con-dulce-de-leche-80-gr-175800/p|01:25:07|2022-03-20
Bizcochos de Arroz Gallo Dulce 100 Gr.|159|148.96|GALLO|https://diaonline.supermercadosdia.com.ar/bizcochos-de-arroz-gallo-dulce-100-gr-172878/p|01:25:07|2022-03-20
Galletitas Terrabusi Lincoln Clásicas 3 Un. x 459 Gr.|17|295.00|LINCOLN|https://diaonline.supermercadosdia.com.ar/galletitas-terrabusi-lincoln-clasicas-3-un-x-459-gr-170177/p|01:25:07|2022-03-20
Galletitas Dulces DIA Vainilla 140 Gr.|75|106.50|DIA|https://diaonline.supermercadosdia.com.ar/galletitas-dulces-dia-vainilla-140-gr-168135/p|01:25:07|2022-03-20
Galletitas Rellenas DIA Vainilla 97 Gr.|26|64.80|DIA|https://diaonline.supermercadosdia.com.ar/galletitas-rellenas-dia-vainilla-97-gr-168119/p|01:25:07|2022-03-20
Galletitas Merengadas relleno de Frutilla 3 Ud. 279 Gr.|1233|163.87|MERENGADAS|https://diaonline.supermercadosdia.com.ar/galletitas-merengadas-relleno-de-frutilla-3-ud-279-gr-89062/p|01:25:07|2022-03-20
Nucrem Georgalos Clásico 25 Gr.|280|35.00|GEORGALOS|https://diaonline.supermercadosdia.com.ar/nucrem-georgalos-clasico-25-gr-283290/p|01:25:07|2022-03-20
Galletitas Anillitos 9 de Oro Coco 120 Gr.|6|49.88|9 DE ORO|https://diaonline.supermercadosdia.com.ar/galletitas-anillitos-9-de-oro-coco-120-gr-283191/p|01:25:07|2022-03-20
Galletitas 9 de Oro Vainilla rellenas de Dulce de Leche 120 Gr.|19|103.55|9 DE ORO|https://diaonline.supermercadosdia.com.ar/galletitas-9-de-oro-vainilla-rellenas-de-dulce-de-leche-120-gr-283187/p|01:25:07|2022-03-20
Galletitas Cormillot con Chips de Chocolate 160 Gr.|508|105.00|CORMILLOT|https://diaonline.supermercadosdia.com.ar/galletitas-cormillot-con-chips-de-chocolate-160-gr-282724/p|01:25:07|2022-03-20
Chocolatin Georgalos Blanco 8 Gr.|129|23.00|GEORGALOS|https://diaonline.supermercadosdia.com.ar/chocolatin-georgalos-blanco-8-gr-282557/p|01:25:07|2022-03-20
Gomitas Flynn Paff Sports 30 Gr.|16|40.00|FLYNN PAFF|https://diaonline.supermercadosdia.com.ar/gomitas-flynn-paff-sports-30-gr-280121/p|01:25:07|2022-03-20
Chocolate Georgalos relleno de Yogur de Frutilla Sin Azúcar 30 Gr.|89|89.00|GEORGALOS|https://diaonline.supermercadosdia.com.ar/chocolate-georgalos-relleno-de-yogur-de-frutilla-sin-azucar-30-gr-280120/p|01:25:07|2022-03-20
Turrón Bon o Bon 15 Gr.|840|49.00|BON O BON|https://diaonline.supermercadosdia.com.ar/turron-bon-o-bon-15-gr-279606/p|01:25:07|2022-03-20
Galletitas Scons Light Dr. Cormillot con Chips de Chocolate 250 Gr.|55|109.00|DR. A CORMILLOT|https://diaonline.supermercadosdia.com.ar/galletitas-scons-light-dr-cormillot-con-chips-de-chocolate-250-gr-279287/p|01:25:07|2022-03-20
Barras de Cereal Cereal Mix Yoghurt y Frutilla 4 Un. 104 Gr.|88|369.49|CEREAL MIX|https://diaonline.supermercadosdia.com.ar/barras-de-cereal-cereal-mix-yoghurt-y-frutilla-4-un-104-gr-279085/p|01:25:07|2022-03-20
Galletitas Dulces Hojalmar Larguitas de Hojaldre 250 Gr.|39|211.00|HOJALMAR|https://diaonline.supermercadosdia.com.ar/galletitas-dulces-hojalmar-larguitas-de-hojaldre-250-gr-278599/p|01:25:07|2022-03-20
Caramelos Halls Menta-Lyptus 28 Gr.|117|60.00|HALLS|https://diaonline.supermercadosdia.com.ar/caramelos-halls-menta-lyptus-28-gr-277754/p|01:25:07|2022-03-20
Donuts Bonafide Chocolate Blanco 52 Gr.|65|115.00|BONAFIDE|https://diaonline.supermercadosdia.com.ar/donuts-bonafide-chocolate-blanco-52-gr-276791/p|01:25:07|2022-03-20
Galletita Biscuit Soriano Dulce 250 Gr.|23|356.00|SORIANO|https://diaonline.supermercadosdia.com.ar/galletita-biscuit-soriano-dulce-250-gr-276519/p|01:25:07|2022-03-20
Caramelos Arcor rellenos de Miel 140 Gr.|80|195.00|ARCOR|https://diaonline.supermercadosdia.com.ar/caramelos-arcor-rellenos-de-miel-140-gr-276099/p|01:25:07|2022-03-20
Caramelo Butter Toffee Chocolate 140 Gr.|68|225.00|BUTTER TOFFEES|https://diaonline.supermercadosdia.com.ar/caramelo-butter-toffee-chocolate-140-gr-276050/p|01:25:07|2022-03-20
Galletitas Parnor Coco 170 Gr.|24|109.00|PARNOR|https://diaonline.supermercadosdia.com.ar/galletitas-parnor-coco-170-gr-275685/p|01:25:07|2022-03-20
Galletitas Mini Pitusas Vainilla 300 Gr.|27|205.00|PARNOR|https://diaonline.supermercadosdia.com.ar/galletitas-mini-pitusas-vainilla-300-gr-275684/p|01:25:07|2022-03-20
Galletitas Mini Pitusas Frutilla 300 Gr.|16|205.00|PARNOR|https://diaonline.supermercadosdia.com.ar/galletitas-mini-pitusas-frutilla-300-gr-275683/p|01:25:07|2022-03-20
Galletitas Parnor Coquitos 170 Gr.|64|109.00|PARNOR|https://diaonline.supermercadosdia.com.ar/galletitas-parnor-coquitos-170-gr-275682/p|01:25:07|2022-03-20
Galletitas Parnor Marmoladas 170 Gr.|43|109.00|PARNOR|https://diaonline.supermercadosdia.com.ar/galletitas-parnor-marmoladas-170-gr-275681/p|01:25:07|2022-03-20
Galletitas Donuts con Leche 52 Gr.|97|115.00|DONUTS|https://diaonline.supermercadosdia.com.ar/galletitas-donuts-con-leche-52-gr-275188/p|01:25:07|2022-03-20
Alfajor de Arroz Chocoarroz con Dulce de Leche 22 Gr.|371|75.00|CHOCOARROZ|https://diaonline.supermercadosdia.com.ar/alfajor-de-arroz-chocoarroz-con-dulce-de-leche-22-gr-274176/p|01:25:07|2022-03-20
Merenguitos La Amistad Medianos 100 Gr.|28|85.00|LA AMISTAD|https://diaonline.supermercadosdia.com.ar/merenguitos-la-amistad-medianos-100-gr-274150/p|01:25:07|2022-03-20
Chocolate Georgalos Full Maní 25 Gr.|320|64.99|GEORGALOS|https://diaonline.supermercadosdia.com.ar/chocolate-georgalos-full-mani-25-gr-273726/p|01:25:07|2022-03-20
Galletitas 9 de Oro con Chips de Colores 120 Gr.|32|87.49|9 DE ORO|https://diaonline.supermercadosdia.com.ar/galletitas-9-de-oro-con-chips-de-colores-120-gr-273707/p|01:25:07|2022-03-20
Gomitas Mogul Anillos 220 Gr.|28|249.00|MOGUL|https://diaonline.supermercadosdia.com.ar/gomitas-mogul-anillos-220-gr-272800/p|01:25:07|2022-03-20
Galletitas Maná rellenas con Chocolate 152 Gr.|37|106.21|MANA|https://diaonline.supermercadosdia.com.ar/galletitas-mana-rellenas-con-chocolate-152-gr-272211/p|01:25:07|2022-03-20
Galletitas Dulces DIA Surtidas 500 Gr.|43|202.00|DIA|https://diaonline.supermercadosdia.com.ar/galletitas-dulces-dia-surtidas-500-gr-271416/p|01:25:07|2022-03-20
PEPAS MEMBRILLO DULCE MAMA 200GR|115|67.03|DULCE MAMA|https://diaonline.supermercadosdia.com.ar/pepas-membrillo-dulce-mama-200gr-271366/p|01:25:07|2022-03-20
PASTILLAS MIEL CON MENTA HALLS 28GR|113|60.00|HALLS|https://diaonline.supermercadosdia.com.ar/pastillas-miel-con-menta-halls-28gr-271316/p|01:25:07|2022-03-20
Galletitas María Nogali Vainilla 120 Gr.|26|54.00|NOGALI|https://diaonline.supermercadosdia.com.ar/galletitas-maria-nogali-vainilla-120-gr-268420/p|01:25:07|2022-03-20
Oblea 9 de Oro Vainilla y Naranja 50 Gr.|95|46.52|9 DE ORO|https://diaonline.supermercadosdia.com.ar/oblea-9-de-oro-vainilla-y-naranja-50-gr-266692/p|01:25:07|2022-03-20
Galletitas Okebon Girotondo Chocolate 254 Gr.|24|108.59|OKEBON|https://diaonline.supermercadosdia.com.ar/galletitas-okebon-girotondo-chocolate-254-gr-266053/p|01:25:07|2022-03-20
Galletitas Okebon Dulce de Leche 273 Gr.|28|118.00|OKEBON|https://diaonline.supermercadosdia.com.ar/galletitas-okebon-dulce-de-leche-273-gr-266052/p|01:25:07|2022-03-20
Pepas Smams Dulce de Membrillo 150 Gr.|26|111.00|SMAMS|https://diaonline.supermercadosdia.com.ar/pepas-smams-dulce-de-membrillo-150-gr-266048/p|01:25:07|2022-03-20
Galletitas rellenas Smams Chocolate sabor vainilla 105 Gr.|47|143.19|SMAMS|https://diaonline.supermercadosdia.com.ar/galletitas-rellenas-smams-chocolate-sabor-vainilla-105-gr-266046/p|01:25:07|2022-03-20
Barra de Cereal Zafrán Almendras y Coco 3 Un.|28|267.00|ZAFRA|https://diaonline.supermercadosdia.com.ar/barra-de-cereal-zafran-almendras-y-coco-3-un-264486/p|01:25:07|2022-03-20
Galletitas 9 de Oro Vainilla 120 Gr.|22|49.88|9 DE ORO|https://diaonline.supermercadosdia.com.ar/galletitas-9-de-oro-vainilla-120-gr-263757/p|01:25:07|2022-03-20
Galletitas 9 de Oro Chocolate 120 Gr.|10|49.88|9 DE ORO|https://diaonline.supermercadosdia.com.ar/galletitas-9-de-oro-chocolate-120-gr-263756/p|01:25:07|2022-03-20
Alfajor Mogy Negro 38 Gr.|233|12.94|MOGY|https://diaonline.supermercadosdia.com.ar/alfajor-mogy-negro-38-gr-247137/p|01:25:07|2022-03-20
Oblea de Chocolate Kit Kat White 41,5 Gr.|21|140.00|KIT KAT|https://diaonline.supermercadosdia.com.ar/oblea-de-chocolate-kit-kat-white-415-gr-238922/p|01:25:07|2022-03-20
Oblea de Chocolate Kit Kat Dark 41,5 Gr.|42|140.00|KIT KAT|https://diaonline.supermercadosdia.com.ar/oblea-de-chocolate-kit-kat-dark-415-gr-238921/p|01:25:07|2022-03-20
Tic Tac Mix Frutal 16 Gr.|22|55.00|TIC TAC|https://diaonline.supermercadosdia.com.ar/tic-tac-mix-frutal-16-gr-232698/p|01:25:07|2022-03-20
Alfajor de Arroz Vauquita  28 Gr.|93|70.99|VAUQUITA|https://diaonline.supermercadosdia.com.ar/alfajor-de-arroz-vauquita-28-gr-232027/p|01:25:07|2022-03-20
Galletitas Mini Pitusas Chocolate 160 Gr.|87|105.00|PITUSAS|https://diaonline.supermercadosdia.com.ar/galletitas-mini-pitusas-chocolate-160-gr-231936/p|01:25:07|2022-03-20
Turrón de Maní DIA|1992|15.00|DIA|https://diaonline.supermercadosdia.com.ar/turron-de-mani-dia-227517/p|01:25:07|2022-03-20
Obleas Dia Chocolate y Naranja 100 Gr.|38|52.00|DIA|https://diaonline.supermercadosdia.com.ar/obleas-dia-chocolate-y-naranja-100-gr-222701/p|01:25:07|2022-03-20
Obleas Dia Chocolate Blanco y Negro 100 Gr.|60|52.00|DIA|https://diaonline.supermercadosdia.com.ar/obleas-dia-chocolate-blanco-y-negro-100-gr-222609/p|01:25:07|2022-03-20
Galletitas Rellenas DIA Frutilla 140 Gr.|86|106.50|DIA|https://diaonline.supermercadosdia.com.ar/galletitas-rellenas-dia-frutilla-140-gr-222406/p|01:25:07|2022-03-20
Gomitas Mogul Moras 150 Gr.|52|169.00|MOGUL|https://diaonline.supermercadosdia.com.ar/gomitas-mogul-moras-150-gr-215853/p|01:25:07|2022-03-20
Oblea de Arroz Gallo Chocobar 20 Gr.|75|74.00|CHOCOBAR|https://diaonline.supermercadosdia.com.ar/oblea-de-arroz-gallo-chocobar-20-gr-215554/p|01:25:07|2022-03-20
Bizcochos de Arroz Gallo Tortita Negra 100 Gr.|70|148.96|GALLO|https://diaonline.supermercadosdia.com.ar/bizcochos-de-arroz-gallo-tortita-negra-100-gr-205201/p|01:25:07|2022-03-20
Caramelos Halls Extra Strong 26 Gr.|94|60.00|HALLS|https://diaonline.supermercadosdia.com.ar/caramelos-halls-extra-strong-26-gr-193355/p|01:25:07|2022-03-20
Barra de cereal Quaker Frutillas con Crema 180 Gr.|29|349.00|QUAKER|https://diaonline.supermercadosdia.com.ar/barra-de-cereal-quaker-frutillas-con-crema-180-gr-186467/p|01:25:07|2022-03-20
Barra de Arroz DIA 60 Gr.|101|64.00|DIA|https://diaonline.supermercadosdia.com.ar/barra-de-arroz-dia-60-gr-180838/p|01:25:07|2022-03-20
Caramelos de Goma Mogul Ositos 30 Gr.|41|43.00|MOGUL|https://diaonline.supermercadosdia.com.ar/caramelos-de-goma-mogul-ositos-30-gr-175809/p|01:25:07|2022-03-20
Alfajor Glaseado DIA con Dulce de Leche 240 Gr. 6 Un.|24|274.00|DIA|https://diaonline.supermercadosdia.com.ar/alfajor-glaseado-dia-con-dulce-de-leche-240-gr-6-un-164679/p|01:25:07|2022-03-20
Alfajores de Chocolate DIA 6 Un.|43|325.00|DIA|https://diaonline.supermercadosdia.com.ar/alfajores-de-chocolate-dia-6-un-164672/p|01:25:07|2022-03-20
Caramelos de Goma Mogul Dientitos Frutales 150 Gr.|34|175.00|MOGUL|https://diaonline.supermercadosdia.com.ar/caramelos-de-goma-mogul-dientitos-frutales-150-gr-139285/p|01:25:07|2022-03-20
Galletitas Anillitos DIA Vainilla 250 Gr.|23|97.00|DIA|https://diaonline.supermercadosdia.com.ar/galletitas-anillitos-dia-vainilla-250-gr-118294/p|01:25:07|2022-03-20
Galletitas Frutigran Granix cereal con Chips de Chocolate 255 Gr.|28|169.60|FRUTIGRAN GRANIX|https://diaonline.supermercadosdia.com.ar/galletitas-frutigran-granix-cereal-con-chips-de-chocolate-255-gr-113934/p|01:25:07|2022-03-20
Bizcochos con grasa DIA Azucarados 200 Gr.|18|71.68|DIA|https://diaonline.supermercadosdia.com.ar/bizcochos-con-grasa-dia-azucarados-200-gr-112228/p|01:25:07|2022-03-20
Confites Rocklets 40 Gr.|43|79.00|ROCKLETS|https://diaonline.supermercadosdia.com.ar/confites-rocklets-40-gr-104376/p|01:25:07|2022-03-20
Caramelos Blandos Sugus Frutal 150 Gr.|63|219.00|SUGUS|https://diaonline.supermercadosdia.com.ar/caramelos-blandos-sugus-frutal-150-gr-75974/p|01:25:07|2022-03-20
Galletitas Frutigran Granix Avena y Pasas 250 Gr.|1194|166.85|GRANIX|https://diaonline.supermercadosdia.com.ar/galletitas-frutigran-granix-avena-y-pasas-250-gr-75279/p|01:25:07|2022-03-20
Tic Tac Menta 16 Gr.|53|55.00|TIC TAC|https://diaonline.supermercadosdia.com.ar/tic-tac-menta-16-gr-72755/p|01:25:07|2022-03-20
Chocolate con leche DIA 80 Gr.|50|106.00|DIA|https://diaonline.supermercadosdia.com.ar/chocolate-con-leche-dia-80-gr-49329/p|01:25:07|2022-03-20
Oblea Bon o Bon Chocolate Blanco 30 Gr.|43|79.00|BON O BON|https://diaonline.supermercadosdia.com.ar/oblea-bon-o-bon-chocolate-blanco-30-gr-23669/p|01:25:07|2022-03-20
Barra de Chocolate Rellena Nugaton 27 Gr.|565|58.13|NUGATON|https://diaonline.supermercadosdia.com.ar/barra-de-chocolate-rellena-nugaton-27-gr-23487/p|01:25:07|2022-03-20
Caja Bombones Bon o Bon 270 Gr.|29|499.00|BON O BON|https://diaonline.supermercadosdia.com.ar/caja-bombones-bon-o-bon-270-gr-22718/p|01:25:07|2022-03-20
Caramelos Sugus Confitados 50 Ud.|105|92.00|SUGUS|https://diaonline.supermercadosdia.com.ar/caramelos-sugus-confitados-50-ud-11260/p|01:25:07|2022-03-20
Galletitas DIA Marmoladas 250 Gr.|69|97.00|DIA|https://diaonline.supermercadosdia.com.ar/galletitas-dia-marmoladas-250-gr-5681/p|01:25:07|2022-03-20
Turrones Arcor Chocolatada 6 Un. 250 Gr.|17|370.00|ARCOR|https://diaonline.supermercadosdia.com.ar/turrones-arcor-chocolatada-6-un-250-gr-283321/p|01:25:07|2022-03-20
Oblea Bauducco Frutilla 78 Gr.|54|70.00|BAUDUCCO|https://diaonline.supermercadosdia.com.ar/oblea-bauducco-frutilla-78-gr-283180/p|01:25:07|2022-03-20
Oblea Bauducco Chocolate 78 Gr.|76|70.00|BAUDUCCO|https://diaonline.supermercadosdia.com.ar/oblea-bauducco-chocolate-78-gr-283179/p|01:25:07|2022-03-20
Maní con Chocolate 150 Gr.|96|189.00|SIN MARCA|https://diaonline.supermercadosdia.com.ar/mani-con-chocolate-150-gr-282741/p|01:25:07|2022-03-20
Galletitas de Avena Cormillot con Chips de Chocolate y Almendras 160 Gr.|46|105.00|CORMILLOT|https://diaonline.supermercadosdia.com.ar/galletitas-de-avena-cormillot-con-chips-de-chocolate-y-almendras-160-gr-282727/p|01:25:07|2022-03-20
Galletitas de Avena Cormillot con Cacao 160 Gr.|35|105.00|CORMILLOT|https://diaonline.supermercadosdia.com.ar/galletitas-de-avena-cormillot-con-cacao-160-gr-282723/p|01:25:07|2022-03-20
Chocolate Georgalos Blanco Sin Azúcar 30 Gr.|55|89.00|GEORGALOS|https://diaonline.supermercadosdia.com.ar/chocolate-georgalos-blanco-sin-azucar-30-gr-280122/p|01:25:07|2022-03-20
Marshmallow Twist Frutilla 12 Gr.|9|40.00|FUN CANDY|https://diaonline.supermercadosdia.com.ar/marshmallow-twist-frutilla-12-gr-279381/p|01:25:07|2022-03-20
Chocolatín Biznikkecon Leche 8 Gr.|589|24.99|BIZNIKKE|https://diaonline.supermercadosdia.com.ar/chocolatin-biznikkecon-leche-8-gr-279379/p|01:25:07|2022-03-20
Galletitas Smams con Chips de Chocolate 150 Gr.|45|207.57|SMAMS|https://diaonline.supermercadosdia.com.ar/galletitas-smams-con-chips-de-chocolate-150-gr-278301/p|01:25:07|2022-03-20
Chocolate Vizzio con Almendras 35 Gr.|262|125.24|VIZZIO|https://diaonline.supermercadosdia.com.ar/chocolate-vizzio-con-almendras-35-gr-276767/p|01:25:07|2022-03-20
Galletitas 9 de Oro Vainilla y Limón 120 Gr.|45|93.39|9 DE ORO|https://diaonline.supermercadosdia.com.ar/galletitas-9-de-oro-vainilla-y-limon-120-gr-275875/p|01:25:07|2022-03-20
Galletitas Parnor Morochitas con Cacao 140 Gr.|51|109.00|PARNOR|https://diaonline.supermercadosdia.com.ar/galletitas-parnor-morochitas-con-cacao-140-gr-275687/p|01:25:07|2022-03-20
Chocolate Nestlé con Maní 33 Gr.|151|86.56|NESTLE|https://diaonline.supermercadosdia.com.ar/chocolate-nestle-con-mani-33-gr-274873/p|01:25:07|2022-03-20
Surtido Zoo Oh Animalitos  NOGALI 330 GR|14|127.00|NOGALI|https://diaonline.supermercadosdia.com.ar/surtido-zoo-oh-animalitos-nogali-330-gr-268421/p|01:25:07|2022-03-20
Galletitas rellenas Smams Vainilla sabor Frutilla 105 Gr.|136|143.19|SMAMS|https://diaonline.supermercadosdia.com.ar/galletitas-rellenas-smams-vainilla-sabor-frutilla-105-gr-266049/p|01:25:07|2022-03-20
Alfajor Simple Turimar Chocolate 38 Gr.|33|40.00|TURIMAR|https://diaonline.supermercadosdia.com.ar/alfajor-simple-turimar-chocolate-38-gr-264665/p|01:25:07|2022-03-20
Alfajor Mogy Blanco 38 Gr.|193|16.00|MOGY|https://diaonline.supermercadosdia.com.ar/alfajor-mogy-blanco-38-gr-247138/p|01:25:07|2022-03-20
Galletitas Pepas de los Alpes DIA 350 Gr.|26|137.00|DIA|https://diaonline.supermercadosdia.com.ar/galletitas-pepas-de-los-alpes-dia-350-gr-244776/p|01:25:07|2022-03-20
Mini Oblea de Chocolate Kit Kat Two Finger 16,7 Gr.|438|50.00|KIT KAT|https://diaonline.supermercadosdia.com.ar/mini-oblea-de-chocolate-kit-kat-two-finger-167-gr-239652/p|01:25:07|2022-03-20
Gomitas Yummy Dino 25 Gr.|211|47.50|YUMMY|https://diaonline.supermercadosdia.com.ar/gomitas-yummy-dino-25-gr-232263/p|01:25:07|2022-03-20
Galletitas Mini Pitusas Vainilla 160 Gr.|62|105.00|PITUSAS|https://diaonline.supermercadosdia.com.ar/galletitas-mini-pitusas-vainilla-160-gr-231935/p|01:25:07|2022-03-20
Chocolate Cofler con Confites 100 Gr.|32|299.00|COFLER|https://diaonline.supermercadosdia.com.ar/chocolate-cofler-con-confites-100-gr-210285/p|01:25:07|2022-03-20
Chicle Topline Strawberry 14 Gr.|34|75.00|TOPLINE|https://diaonline.supermercadosdia.com.ar/chicle-topline-strawberry-14-gr-180933/p|01:25:07|2022-03-20
Cubanito DIA Delicious Chocolate 40 Gr.|76|69.00|DIA|https://diaonline.supermercadosdia.com.ar/cubanito-dia-delicious-chocolate-40-gr-149779/p|01:25:07|2022-03-20
Galletitas Dulces DIA Marmoladas 500 Gr.|69|181.00|DIA|https://diaonline.supermercadosdia.com.ar/galletitas-dulces-dia-marmoladas-500-gr-136950/p|01:25:07|2022-03-20
Chocolate con Leche Arcor 25 Gr.|64|59.00|ARCOR|https://diaonline.supermercadosdia.com.ar/chocolate-con-leche-arcor-25-gr-124950/p|01:25:07|2022-03-20
Bombones Bon o Bon Original 118 Gr.|45|229.00|BON O BON|https://diaonline.supermercadosdia.com.ar/bombones-bon-o-bon-original-118-gr-59076/p|01:25:07|2022-03-20
Alfajor Terrabusi Clásico 50 Gr. x 6 Un.|13|349.00|TERRABUSI|https://diaonline.supermercadosdia.com.ar/alfajor-terrabusi-clasico-50-gr-x-6-un-53354/p|01:25:07|2022-03-20
Chocolate con Maní Cofler Block 38 Gr.|287|92.00|COFLER|https://diaonline.supermercadosdia.com.ar/chocolate-con-mani-cofler-block-38-gr-25769/p|01:25:07|2022-03-20
Alfajor Terrabusi Dulce de Leche 70 Gr.|397|84.39|TERRABUSI|https://diaonline.supermercadosdia.com.ar/alfajor-terrabusi-dulce-de-leche-70-gr-23423/p|01:25:07|2022-03-20
Galletitas Mellizas Vainilla Tripack 336 Gr.|23|202.65|MELLIZAS|https://diaonline.supermercadosdia.com.ar/galletitas-mellizas-vainilla-tripack-336-gr-20841/p|01:25:07|2022-03-20
Chocolate con Maní DIA 80 Gr.|51|106.00|DIA|https://diaonline.supermercadosdia.com.ar/chocolate-con-mani-dia-80-gr-19134/p|01:25:07|2022-03-20
Galletitas Bocaditos 9 de Oro Banana 120 Gr.|30|103.55|9 DE ORO|https://diaonline.supermercadosdia.com.ar/galletitas-bocaditos-9-de-oro-banana-120-gr-283189/p|01:25:07|2022-03-20
Mini Obleas Bauducco Vainilla 30 Gr.|24|29.00|BAUDUCCO|https://diaonline.supermercadosdia.com.ar/mini-obleas-bauducco-vainilla-30-gr-283178/p|01:25:07|2022-03-20
Garrapiñada de Maní 500 Gr.|96|249.00|SIN MARCA|https://diaonline.supermercadosdia.com.ar/garrapinada-de-mani-500-gr-282742/p|01:25:07|2022-03-20
Galletitas Cormillot de Avena con Pasas de Uva 160 Gr.|562|105.00|CORMILLOT|https://diaonline.supermercadosdia.com.ar/galletitas-cormillot-de-avena-con-pasas-de-uva-160-gr-282725/p|01:25:07|2022-03-20
Mentitas Billiken Menta Fuerte 30 Gr.|211|35.00|BILLIKEN|https://diaonline.supermercadosdia.com.ar/mentitas-billiken-menta-fuerte-30-gr-282646/p|01:25:07|2022-03-20
Mentitas Billiken Miel y Menta Fuerte 28 Gr.|55|35.00|BILLIKEN|https://diaonline.supermercadosdia.com.ar/mentitas-billiken-miel-y-menta-fuerte-28-gr-282641/p|01:25:07|2022-03-20
Galletitas Bauducco Original 100 Gr.|69|111.00|BAUDUCCO|https://diaonline.supermercadosdia.com.ar/galletitas-bauducco-original-100-gr-282592/p|01:25:07|2022-03-20
Bocadito Limu Lulemuu Limón 15 Gr.|108|79.79|LULEMUU|https://diaonline.supermercadosdia.com.ar/bocadito-limu-lulemuu-limon-15-gr-276044/p|01:25:07|2022-03-20
Chocolate Tokke Leche y Maní 62 Gr.|92|67.79|TOKKE|https://diaonline.supermercadosdia.com.ar/chocolate-tokke-leche-y-mani-62-gr-275089/p|01:25:07|2022-03-20
Oblea de Arroz Lulemuu con Pasta de Maní 20 Gr.|137|69.99|LULEMUU|https://diaonline.supermercadosdia.com.ar/oblea-de-arroz-lulemuu-con-pasta-de-mani-20-gr-274708/p|01:25:07|2022-03-20
Cubanito de Arroz Lulemuu Negro con avellana 15 Gr.|179|60.00|LULEMUU|https://diaonline.supermercadosdia.com.ar/cubanito-de-arroz-lulemuu-negro-con-avellana-15-gr-274706/p|01:25:07|2022-03-20
Oblea de Arroz Lulemuu Frutilla 20 Gr.|70|69.99|LULEMUU|https://diaonline.supermercadosdia.com.ar/oblea-de-arroz-lulemuu-frutilla-20-gr-274705/p|01:25:07|2022-03-20
Obleas DIA Clásicas 200 Gr.|15|109.00|DIA|https://diaonline.supermercadosdia.com.ar/obleas-dia-clasicas-200-gr-273629/p|01:25:07|2022-03-20
Obleas Rellenas Chocolate 100 Gr.|99|89.00|SIN MARCA|https://diaonline.supermercadosdia.com.ar/obleas-rellenas-chocolate-100-gr-269317/p|01:25:07|2022-03-20
Tableta Vauquita Menta suave 22 Gr.|24|90.00|VAUQUITA|https://diaonline.supermercadosdia.com.ar/tableta-vauquita-menta-suave-22-gr-269042/p|01:25:07|2022-03-20
OBLEA CHOCOLATE RELL NARANJA 50GR 9 DE ORO|187|55.77|9 DE ORO|https://diaonline.supermercadosdia.com.ar/oblea-chocolate-rell-naranja-50gr-9-de-oro-266693/p|01:25:07|2022-03-20
Barra de Cereal Zafran con Almendras 28 Gr.|37|103.00|ZAFRA|https://diaonline.supermercadosdia.com.ar/barra-de-cereal-zafran-con-almendras-28-gr-264438/p|01:25:07|2022-03-20
Chocolate Cadbury Intense 24 Gr.|242|94.99|CADBURY|https://diaonline.supermercadosdia.com.ar/chocolate-cadbury-intense-24-gr-264080/p|01:25:07|2022-03-20
Triángulo de Hojaldre Mafalda 150 Gr|66|91.89|MAFALDA|https://diaonline.supermercadosdia.com.ar/triangulo-de-hojaldre-mafalda-150-gr-262132/p|01:25:07|2022-03-20
Mini Bizcocho Mafalda 180 Gr|77|66.00|MAFALDA|https://diaonline.supermercadosdia.com.ar/mini-bizcocho-mafalda-180-gr-260579/p|01:25:07|2022-03-20
Chocolate Milka Blanco 55 Gr.|58|207.75|MILKA|https://diaonline.supermercadosdia.com.ar/chocolate-milka-blanco-55-gr-249907/p|01:25:07|2022-03-20
Yogubar de Arroz Gallo 22 Gr.|57|74.00|GALLO (SNACK)|https://diaonline.supermercadosdia.com.ar/yogubar-de-arroz-gallo-22-gr-248153/p|01:25:07|2022-03-20
Oblea Nugaton Chocolate Blanco 27 Gr.|494|69.00|NUGATON|https://diaonline.supermercadosdia.com.ar/oblea-nugaton-chocolate-blanco-27-gr-245105/p|01:25:07|2022-03-20
Galletitas Mini Pitusas Frutilla 160 Gr.|59|105.00|PITUSAS|https://diaonline.supermercadosdia.com.ar/galletitas-mini-pitusas-frutilla-160-gr-231934/p|01:25:07|2022-03-20
Obleas DIA Chocolate 200 Gr.|16|109.00|DIA|https://diaonline.supermercadosdia.com.ar/obleas-dia-chocolate-200-gr-224535/p|01:25:07|2022-03-20
Chocolate Hershey's Cookies 20 Gr.|79|110.00|HERSHEY|https://diaonline.supermercadosdia.com.ar/chocolate-hershey-s-cookies-20-gr-224297/p|01:25:07|2022-03-20
Chocolate Hershey's con Leche 20 Gr.|110|110.00|HERSHEY|https://diaonline.supermercadosdia.com.ar/chocolate-hershey-s-con-leche-20-gr-224288/p|01:25:07|2022-03-20
GALLETAS ACARAMELADA  STREUSEL 180GR|39|85.00|SIN MARCA|https://diaonline.supermercadosdia.com.ar/galletas-acaramelada-streusel-180gr-164462/p|01:25:07|2022-03-20
Barra de Chocolate con Leche Kinder 12,5 Gr.|47|49.00|KINDER|https://diaonline.supermercadosdia.com.ar/barra-de-chocolate-con-leche-kinder-125-gr-145556/p|01:25:07|2022-03-20
Chicle Topline Fruta 6,7 Gr.|393|35.00|TOPLINE|https://diaonline.supermercadosdia.com.ar/chicle-topline-fruta-67-gr-129301/p|01:25:07|2022-03-20
Huevo de Chocolate Kinder Azul 20 Gr.|49|179.00|KINDER|https://diaonline.supermercadosdia.com.ar/huevo-de-chocolate-kinder-azul-20-gr-37008/p|01:25:07|2022-03-20
Bombón Ferrero Rocher 3 Ud. 37,5 Gr.|31|189.00|KINDER|https://diaonline.supermercadosdia.com.ar/bombon-ferrero-rocher-3-ud-375-gr-23499/p|01:25:07|2022-03-20
Chocolate Cadbury Tres Sueños 24 Gr.|471|91.96|CADBURY|https://diaonline.supermercadosdia.com.ar/chocolate-cadbury-tres-suenos-24-gr-21623/p|01:25:07|2022-03-20
Pochoclo Marlom's Salado 100 Gr.|30|120.00|SIN MARCA|https://diaonline.supermercadosdia.com.ar/pochoclo-marlom-s-salado-100-gr-20502/p|01:25:07|2022-03-20
Galletitas Anillitos 9 de Oro Vainilla 380 Gr.|23|157.94|9 DE ORO|https://diaonline.supermercadosdia.com.ar/galletitas-anillitos-9-de-oro-vainilla-380-gr-283190/p|01:25:07|2022-03-20
Galletitas Bocaditos 9 de Oro Frutilla 120 Gr.|20|103.55|9 DE ORO|https://diaonline.supermercadosdia.com.ar/galletitas-bocaditos-9-de-oro-frutilla-120-gr-283188/p|01:25:07|2022-03-20
Chocolatín Biznikke Blanco 8 Gr.|187|25.99|BIZNIKKE|https://diaonline.supermercadosdia.com.ar/chocolatin-biznikke-blanco-8-gr-279380/p|01:25:07|2022-03-20
Potera Butter Toffees 300 Gr.|55|550.00|BUTTER TOFFEES|https://diaonline.supermercadosdia.com.ar/potera-butter-toffees-300-gr-278683/p|01:25:07|2022-03-20
Oblea Arcor Twit 20 Gr.|44|32.49|ARCOR|https://diaonline.supermercadosdia.com.ar/oblea-arcor-twit-20-gr-276965/p|01:25:07|2022-03-20
Tableta de Chocolate Arcor Milk 12 Gr.|3|31.00|ARCOR|https://diaonline.supermercadosdia.com.ar/tableta-de-chocolate-arcor-milk-12-gr-276961/p|01:25:07|2022-03-20
Chocolate Mecano Leche con Dulce de Leche 100 Gr.|88|350.00|MECANO|https://diaonline.supermercadosdia.com.ar/chocolate-mecano-leche-con-dulce-de-leche-100-gr-275230/p|01:25:07|2022-03-20
Chocolate Arcor Dúo 95 Gr.|22|200.00|ARCOR|https://diaonline.supermercadosdia.com.ar/chocolate-arcor-duo-95-gr-275195/p|01:25:07|2022-03-20
Chocolate Daqui Max Leche y Maní 120 Gr.|89|115.00|DAQUI MAX|https://diaonline.supermercadosdia.com.ar/chocolate-daqui-max-leche-y-mani-120-gr-274905/p|01:25:07|2022-03-20
Cubanito de Arroz Lulemuu Blanco con maní 18 Gr.|76|60.00|LULEMUU|https://diaonline.supermercadosdia.com.ar/cubanito-de-arroz-lulemuu-blanco-con-mani-18-gr-274707/p|01:25:07|2022-03-20
Chocolate Georgalos con Leche 25 Gr.|81|53.99|GEORGALOS|https://diaonline.supermercadosdia.com.ar/chocolate-georgalos-con-leche-25-gr-273727/p|01:25:07|2022-03-20
Chocolate Georgalos Blanco 25 Gr.|65|53.99|GEORGALOS|https://diaonline.supermercadosdia.com.ar/chocolate-georgalos-blanco-25-gr-273631/p|01:25:07|2022-03-20
GALLETAS AZUCARADAS P/MATE NOGALI 250 GR|14|113.00|NOGALI|https://diaonline.supermercadosdia.com.ar/galletas-azucaradas-pmate-nogali-250-gr-268419/p|01:25:07|2022-03-20
Barra de Cereal Zafran Maní y Cacao 28 Gr.|28|103.00|ZAFRA|https://diaonline.supermercadosdia.com.ar/barra-de-cereal-zafran-mani-y-cacao-28-gr-264437/p|01:25:07|2022-03-20
Oblea de Chocolate Graffiti 45 Gr.|141|130.00|COFLER|https://diaonline.supermercadosdia.com.ar/oblea-de-chocolate-graffiti-45-gr-246223/p|01:25:07|2022-03-20
Galletitas DIA Chocolate y Vainilla rellenas de Membrillo 400 Gr.|17|220.00|DIA|https://diaonline.supermercadosdia.com.ar/galletitas-dia-chocolate-y-vainilla-rellenas-de-membrillo-400-gr-222405/p|01:25:07|2022-03-20
Chocolate con Leche y Maní DIA 30 Gr.|79|39.99|DIA|https://diaonline.supermercadosdia.com.ar/chocolate-con-leche-y-mani-dia-30-gr-207410/p|01:25:07|2022-03-20
Pastillas Bull Dog Tutti Fruti 30 Gr.|17|40.00|BULLDOG (CARAMELOS)|https://diaonline.supermercadosdia.com.ar/pastillas-bull-dog-tutti-fruti-30-gr-160531/p|01:25:07|2022-03-20
Bocadito Relleno DIA Crema de Chocolate y Avellanas 120 Gr.|40|159.00|DIA|https://diaonline.supermercadosdia.com.ar/bocadito-relleno-dia-crema-de-chocolate-y-avellanas-120-gr-149516/p|01:25:07|2022-03-20
Lentejas de Chocolate DIA 80 Gr.|195|135.00|DIA|https://diaonline.supermercadosdia.com.ar/lentejas-de-chocolate-dia-80-gr-137797/p|01:25:07|2022-03-20
Chocolate Hamlet Almendras y Maní 45 Gr.|166|62.00|HAMLET|https://diaonline.supermercadosdia.com.ar/chocolate-hamlet-almendras-y-mani-45-gr-137085/p|01:25:07|2022-03-20
Chocolate en barra Aguila para taza 150 Gr.|3|255.00|AGUILA|https://diaonline.supermercadosdia.com.ar/chocolate-en-barra-aguila-para-taza-150-gr-8491/p|01:25:07|2022-03-20
Chocolate Cofler Blanco con Chocolinas 140 Gr.|17|329.00|COFLER|https://diaonline.supermercadosdia.com.ar/chocolate-cofler-blanco-con-chocolinas-140-gr-275432/p|01:25:07|2022-03-20
Chocolate Cofler con Leche 140 Gr.|14|329.00|COFLER|https://diaonline.supermercadosdia.com.ar/chocolate-cofler-con-leche-140-gr-275430/p|01:25:07|2022-03-20
Chocolate Vizzio con Leche y Maní 165 Gr.|45|399.00|VIZZIO|https://diaonline.supermercadosdia.com.ar/chocolate-vizzio-con-leche-y-mani-165-gr-275234/p|01:25:07|2022-03-20
Chocolate Vizzio con Leche y Almendras 100 Gr.|166|249.00|VIZZIO|https://diaonline.supermercadosdia.com.ar/chocolate-vizzio-con-leche-y-almendras-100-gr-275233/p|01:25:07|2022-03-20
Chocolate Vizzio con Leche y Maní 85 Gr.|23|179.00|VIZZIO|https://diaonline.supermercadosdia.com.ar/chocolate-vizzio-con-leche-y-mani-85-gr-275232/p|01:25:07|2022-03-20
Chocolate Vizzio con Leche y Almendras 165 Gr.|92|419.00|VIZZIO|https://diaonline.supermercadosdia.com.ar/chocolate-vizzio-con-leche-y-almendras-165-gr-275198/p|01:25:07|2022-03-20
Chocolate Arcor Leche y Maní 95 Gr.|44|200.00|ARCOR|https://diaonline.supermercadosdia.com.ar/chocolate-arcor-leche-y-mani-95-gr-275192/p|01:25:07|2022-03-20
Chocolate Arcor Blanco con Maní 95 Gr.|82|200.00|ARCOR|https://diaonline.supermercadosdia.com.ar/chocolate-arcor-blanco-con-mani-95-gr-275191/p|01:25:07|2022-03-20
Chocolate Tokke con Leche 60 Gr.|144|105.99|TOKKE|https://diaonline.supermercadosdia.com.ar/chocolate-tokke-con-leche-60-gr-274906/p|01:25:07|2022-03-20
Postre Nugatón Maní 100 Gr.|77|109.50|BONAFIDE|https://diaonline.supermercadosdia.com.ar/postre-nugaton-mani-100-gr-268946/p|01:25:07|2022-03-20
Oblea Golazo rellena de Maní 18 Gr.|63|30.00|GOLAZO|https://diaonline.supermercadosdia.com.ar/oblea-golazo-rellena-de-mani-18-gr-251695/p|01:25:07|2022-03-20
Oblea Golazo Limón 18 Gr.|94|30.00|GOLAZO|https://diaonline.supermercadosdia.com.ar/oblea-golazo-limon-18-gr-251694/p|01:25:07|2022-03-20
Oblea de Chocolate Nugaton 8,5 Gr.|47|25.99|BONAFIDE|https://diaonline.supermercadosdia.com.ar/oblea-de-chocolate-nugaton-85-gr-239633/p|01:25:07|2022-03-20
Chicle Topline Menta Strong 14 Gr.|19|66.99|TOPLINE|https://diaonline.supermercadosdia.com.ar/chicle-topline-menta-strong-14-gr-225426/p|01:25:07|2022-03-20
Chocolate Bubble Milka Leger con Almendras 45 Gr.|42|151.74|MILKA|https://diaonline.supermercadosdia.com.ar/chocolate-bubble-milka-leger-con-almendras-45-gr-147915/p|01:25:07|2022-03-20
Garrapiñada Bonafide de Maní 80 Gr.|91|75.00|BONAFIDE|https://diaonline.supermercadosdia.com.ar/garrapinada-bonafide-de-mani-80-gr-279378/p|01:25:07|2022-03-20
Chocolate Kit Kat Gold 41,5 Gr.|70|115.61|KIT KAT|https://diaonline.supermercadosdia.com.ar/chocolate-kit-kat-gold-415-gr-277847/p|01:25:07|2022-03-20
Galletitas Orgánicas Zafranito Vainilla 150 Gr.|14|107.89|ZAFRA|https://diaonline.supermercadosdia.com.ar/galletitas-organicas-zafranito-vainilla-150-gr-268537/p|01:25:07|2022-03-20
Caramelo Halls Miel y Limón 28 Gr.|4|49.59|HALLS|https://diaonline.supermercadosdia.com.ar/caramelo-halls-miel-y-limon-28-gr-263752/p|01:25:07|2022-03-20
Huevo de Chocolate Kinder Star Wars 100 Gr.|6|1.180.00|KINDER|https://diaonline.supermercadosdia.com.ar/huevo-de-chocolate-kinder-star-wars-100-gr-218783/p|01:25:07|2022-03-20
Chocolate Blanco Hamlet con Cookies 48 Gr.|149|62.00|HAMLET|https://diaonline.supermercadosdia.com.ar/chocolate-blanco-hamlet-con-cookies-48-gr-132877/p|01:25:07|2022-03-20
Huevo Kinder Joy con Sorpresa 22 Gr.|9|150.00|KINDER|https://diaonline.supermercadosdia.com.ar/huevo-kinder-joy-con-sorpresa-22-gr-117941/p|01:25:07|2022-03-20
Pastillas Menthoplus Cherry 29,4 Gr.|70|39.99|MENTHOPLUS|https://diaonline.supermercadosdia.com.ar/pastillas-menthoplus-cherry-294-gr-24183/p|01:25:07|2022-03-20
Huevo de Chocolate Georgalos 75 Gr.|68|409.00|GEORGALOS|https://diaonline.supermercadosdia.com.ar/huevo-de-chocolate-georgalos-75-gr-6260/p|01:25:07|2022-03-20
Huevo de Pascua Milka Chocolate con Leche 22 Gr.|188|149.00|MILKA|https://diaonline.supermercadosdia.com.ar/huevo-de-pascua-milka-chocolate-con-leche-22-gr-6205/p|01:25:07|2022-03-20
Huevo de Pascua Nugaton Blanco 177 Gr.|17|1.170.00|NUGATON|https://diaonline.supermercadosdia.com.ar/huevo-de-pascua-nugaton-blanco-177-gr-284057/p|01:25:07|2022-03-20
Lentejas de Chocolate Chocolart 40 Gr.|186|69.00|CHOCOLART|https://diaonline.supermercadosdia.com.ar/lentejas-de-chocolate-chocolart-40-gr-283915/p|01:25:07|2022-03-20
Alfajor Triple Turimar Blanco 60 Gr.|28|50.00|TURIMAR|https://diaonline.supermercadosdia.com.ar/alfajor-triple-turimar-blanco-60-gr-283752/p|01:25:07|2022-03-20
Alfajor Turimar Blanco 38 Gr.|64|40.00|TURIMAR|https://diaonline.supermercadosdia.com.ar/alfajor-turimar-blanco-38-gr-283751/p|01:25:07|2022-03-20
Gomita Gummi Zone Doggie 9 Gr.|58|50.00|GUMMI|https://diaonline.supermercadosdia.com.ar/gomita-gummi-zone-doggie-9-gr-283746/p|01:25:07|2022-03-20
Gomita Gummi Zone Burger 9 Gr.|113|50.00|GUMMI|https://diaonline.supermercadosdia.com.ar/gomita-gummi-zone-burger-9-gr-283745/p|01:25:07|2022-03-20
Galletitas Bauducco Chocolate rellenas 65 Gr.|24|43.00|BAUDUCCO|https://diaonline.supermercadosdia.com.ar/galletitas-bauducco-chocolate-rellenas-65-gr-283182/p|01:25:07|2022-03-20
Huevo Arcor Chocolate con Leche 22 Gr.|37|100.00|ARCOR|https://diaonline.supermercadosdia.com.ar/huevo-arcor-chocolate-con-leche-22-gr-277848/p|01:25:07|2022-03-20
Chocolate Garoto con Maní 90 Gr.|1|155.93|GAROTO|https://diaonline.supermercadosdia.com.ar/chocolate-garoto-con-mani-90-gr-275329/p|01:25:07|2022-03-20
Chocolate Mecano Blanco con Dulce de Leche 100 Gr.|64|350.00|MECANO|https://diaonline.supermercadosdia.com.ar/chocolate-mecano-blanco-con-dulce-de-leche-100-gr-275231/p|01:25:07|2022-03-20
Huevo de Chocolate Georgalos 75 Gr.|46|525.00|GEORGALOS|https://diaonline.supermercadosdia.com.ar/huevo-de-chocolate-georgalos-75-gr-272609/p|01:25:07|2022-03-20
Bandeja Bonafide Carezza 180 Gr.|18|699.00|BONAFIDE|https://diaonline.supermercadosdia.com.ar/bandeja-bonafide-carezza-180-gr-272608/p|01:25:07|2022-03-20
Huevo de Chocolate Nugaton 177 Gr.|12|1.170.00|NUGATON|https://diaonline.supermercadosdia.com.ar/huevo-de-chocolate-nugaton-177-gr-272607/p|01:25:07|2022-03-20
Chocolate Nestlé con Leche Suflair 80 Gr.|8|196.56|SUFLAIR|https://diaonline.supermercadosdia.com.ar/chocolate-nestle-con-leche-suflair-80-gr-270391/p|01:25:07|2022-03-20
Chocolate Cofler con Maní 300 Gr.|1|499.00|COFLER|https://diaonline.supermercadosdia.com.ar/chocolate-cofler-con-mani-300-gr-265629/p|01:25:07|2022-03-20
Huevo de Chocolate Blanco Nugaton 91 Gr.|28|619.00|NUGATON|https://diaonline.supermercadosdia.com.ar/huevo-de-chocolate-blanco-nugaton-91-gr-262833/p|01:25:07|2022-03-20
Huevo de Chocolate Vizzio 167 Gr.|17|1.219.00|VIZZIO|https://diaonline.supermercadosdia.com.ar/huevo-de-chocolate-vizzio-167-gr-262832/p|01:25:07|2022-03-20
Chocolate DIA con Dulce de Leche 30 Gr.|29|42.00|DIA|https://diaonline.supermercadosdia.com.ar/chocolate-dia-con-dulce-de-leche-30-gr-258236/p|01:25:07|2022-03-20
Chocolate DIA Blanco 30 Gr.|7|42.00|DIA|https://diaonline.supermercadosdia.com.ar/chocolate-dia-blanco-30-gr-258225/p|01:25:07|2022-03-20
Bocadito Obli Bon relleno con Dulce de Leche Blanco 10 Gr.|15|21.99|OBLI BON|https://diaonline.supermercadosdia.com.ar/bocadito-obli-bon-relleno-con-dulce-de-leche-blanco-10-gr-247390/p|01:25:07|2022-03-20
Bocadito Obli Bon relleno con Dulce de Leche 10 Gr.|29|21.99|OBLI BON|https://diaonline.supermercadosdia.com.ar/bocadito-obli-bon-relleno-con-dulce-de-leche-10-gr-247389/p|01:25:07|2022-03-20
Oblea Choconuss Gallo Snacks Avellana 20 Gr.|58|74.00|GALLO (SNACK)|https://diaonline.supermercadosdia.com.ar/oblea-choconuss-gallo-snacks-avellana-20-gr-242671/p|01:25:07|2022-03-20
Chocolate con leche DIA 30 Gr.|53|39.99|DIA|https://diaonline.supermercadosdia.com.ar/chocolate-con-leche-dia-30-gr-239965/p|01:25:07|2022-03-20
Bombón Bon o Bon Surtidos 272 Gr.|23|499.00|BON O BON|https://diaonline.supermercadosdia.com.ar/bombon-bon-o-bon-surtidos-272-gr-238405/p|01:25:07|2022-03-20
Huevo de Chocolate Nugaton 91 Gr.|44|619.00|BONAFIDE|https://diaonline.supermercadosdia.com.ar/huevo-de-chocolate-nugaton-91-gr-233514/p|01:25:07|2022-03-20
Huevo de Chocolate Vizzio 87 Gr.|28|649.00|BONAFIDE|https://diaonline.supermercadosdia.com.ar/huevo-de-chocolate-vizzio-87-gr-233513/p|01:25:07|2022-03-20
Huevo de Chocolate Ferrero Rocher con Avellanas 250 Gr.|47|1.920.00|FERRERO|https://diaonline.supermercadosdia.com.ar/huevo-de-chocolate-ferrero-rocher-con-avellanas-250-gr-218784/p|01:25:07|2022-03-20
Conejo de Chocolate Kit Kat 29 Gr.|130|125.00|KIT KAT|https://diaonline.supermercadosdia.com.ar/conejo-de-chocolate-kit-kat-29-gr-212941/p|01:25:07|2022-03-20
Oblea de Arroz Gallo 20 Gr.|42|53.09|GALLO|https://diaonline.supermercadosdia.com.ar/oblea-de-arroz-gallo-20-gr-205793/p|01:25:07|2022-03-20
CHOCOLATE BUBBLE MILKA LEGER X 45GR|13|145.17|MILKA|https://diaonline.supermercadosdia.com.ar/chocolate-bubble-milka-leger-x-45gr-147914/p|01:25:07|2022-03-20
Huevo de Chocolate Biznikke 100 Gr.|72|549.00|BIZNIKKE|https://diaonline.supermercadosdia.com.ar/huevo-de-chocolate-biznikke-100-gr-89365/p|01:25:07|2022-03-20
Huevo de Chocolate Bon o Bon 20 Gr.|135|149.00|BON O BON|https://diaonline.supermercadosdia.com.ar/huevo-de-chocolate-bon-o-bon-20-gr-65505/p|01:25:07|2022-03-20
Bombones Surtidos Garoto 200 Gr.|29|422.04|GAROTO|https://diaonline.supermercadosdia.com.ar/bombones-surtidos-garoto-200-gr-28089/p|01:25:07|2022-03-20
Chocolate Cadbury Yogurt con Frutilla 27 Gr.|12|144.00|CADBURY|https://diaonline.supermercadosdia.com.ar/chocolate-cadbury-yogurt-con-frutilla-27-gr-21637/p|01:25:07|2022-03-20
Huevo de Pascua Georgalos con Bombones de Dulce de Leche 145 Gr.|32|939.00|GEORGALOS|https://diaonline.supermercadosdia.com.ar/huevo-de-pascua-georgalos-con-bombones-de-dulce-de-leche-145-gr-6261/p|01:25:07|2022-03-20
Huevo de Chocolate Bon o Bon 110 Gr.|42|1.199.00|BON O BON|https://diaonline.supermercadosdia.com.ar/huevo-de-chocolate-bon-o-bon-110-gr-2262/p|01:25:07|2022-03-20
Barrita de Arroz Lulemuu Chocolate 12 Gr.|5|67.69|LULEMUU|https://diaonline.supermercadosdia.com.ar/barrita-de-arroz-lulemuu-chocolate-12-gr-276042/p|01:25:07|2022-03-20
